"type","business","dba","license","street","city","zipcode","website","longitude","latitude"
"Adult-Use Cannabis Only","SLAP ASH RETAIL II LLC","HIGH PROFILE CANNABIS SHOP","ACRE.0002642","195 Albany Turnpike","Canton","06019","","-72.895890","41.825490"
"Adult-Use Cannabis Only","SHANGRI-LA CT INC","SHANGRI-LA CT INC","ACRE.0003185","53 INTERSTATE LN","WATERBURY","06705-2658","","-72.997590","41.535430"
"Adult-Use Cannabis Only","SHANGRI-LA CT INC","SHANGRI-LA CT INC","ACRE.0003242","359 NEW BRITAIN AVE","PLAINVILLE","06062-2013","","-72.837800","41.673940"
"Adult-Use Cannabis Only","CHILLAX LLC","THE LIV","ACRE.0004289","97 Providence Pike","Putnam","06260","","-71.873780","41.925150"
"Adult-Use Cannabis Only","SHANGRI-LA CT INC","SHANGRI-LA CT INC","ACRE.0004665","430 MAIN AVE","NORWALK","06854","","-73.425940","41.147780"
"Adult-Use Cannabis Only","SARA'S DISPENSARY LLC","CRISP CANNABIS","ACRE.0005925","33 Berlin Road","Cromwell","06416","","-72.682670","41.602200"
"Adult-Use Cannabis Only","JANANII LLC","JANANII LLC","ACRE.0008858","3490 WHITNEY AVE","HAMDEN","06518-1936","","-72.906040","41.421580"
"Adult-Use Cannabis Only","DIVINE 1 LLC","CLONE CANABISS","ACRE.0008896","39 NEW HAVEN RD","SEYMOUR","06483-3460","","-73.061970","41.397290"
"Adult-Use Cannabis Only","DEBBIE'S DISPENSARY LLC","CRISP CANNABIS","ACRE.0009619","500 Main St","East Hartford","06118","","-72.643090","41.757510"
"Adult-Use Cannabis Only","SHANGRI-LA DISPENSARY","SHANGRI-LA CT INC","ACRE.0011824","75 CONNECTICUT AVE","NORWALK","06850-3528","","-73.425300","41.106470"
"Adult-Use Cannabis Only","SLAP ASH RETAIL I LLC","HIGH PROFILE CANNABIS SHOP","ACRE.0013138","2607 Whitney Ave","Hamden","06518","","-72.898150","41.391340"
"Adult-Use Cannabis Only","Hydra East, LLC","Hydra East, LLC","ACRE.0014886","9 Hazard Ave","Enfield","06082","","-72.583340","41.990340"
"Adult-Use Cannabis Only","UMN EQUITY JOINT VENTURE LLC","UMN EQUITY JOINT VENTURE LLC","ACRE.0014925","157 Boston Post Rd","North Windham","06256","","-72.187800","41.729770"
"Adult-Use Cannabis Only","BUDR HARTFORD HOLDING LLC","BUDR HARTFORD HOLDING LLC","ACRE.0015644","108 Federal Road","Danbury","06810","","-73.420020","41.420190"
"Adult-Use Cannabis Only","NUTMEG HARTFORD JV LLC","HIGHER COLLECTIVE","ACRE.0015652","1396 Park Street","Hartford","06106","","-72.701440","41.758190"
"Adult-Use Cannabis Only","Nutmeg Hamden JV LLC","Nutmeg Hamden JV LLC","ACRE.0015653","3825 WHITNEY AVE","HAMDEN","06518-1519","","-72.907480","41.432790"
"Adult-Use Cannabis Only","NUTMEG SOUTHWEST JV LLC","HIGHER COLLECTIVE","ACRE.0015654","3369 FAIRFIELD AVE","BRIDGEPORT","06605-3224","","-73.235160","41.154730"
"Adult-Use Cannabis Only","NUTMEG KILLINGLY JV LLC","HIGHER COLLECTIVE","ACRE.0015655","1078 N MAIN ST","KILLINGLY","06241-2127","","-71.875620","41.839690"
"Adult-Use Cannabis Only","NUTMEG NEW LONDON JV LLC","HIGHER COLLECTIVE","ACRE.0015657","595 Bank Street","New London","06320","","-72.102830","41.349840"
"Adult-Use Cannabis Only","SFC CT LLC","VENU FLOWER COLLECTIVE","ACRE.0015659","895 Washington Street","Middletown","06457","","-72.682250","41.553900"
"Adult-Use Cannabis Only","HWY 95, LLC.","THE HARVEST CORNER CANNABIS COMPANY","ACRE.0015660","493 Westchester Rd.","Colchester","06415","","-72.411940","41.546810"
"Adult-Use Cannabis Only","NUTMEG NORTHWEST JV LLC","HIGHER COLLECTIVE","ACRE.0015662","53 McDermott Avenue","Torrington","06790","","-73.124780","41.813820"
"Adult-Use Cannabis Only","Insa CT Retail II, LLC","Insa CT Retail II, LLC","ACRE.0015678","222 Sargent Dr","New Haven","06511","","-72.920550","41.293190"
"Adult-Use Cannabis Only","Insa CT Retail I, LLC","Insa CT Retail I, LLC","ACRE.0015682","167 Brainard Rd","Hartford","06114","","-72.659550","41.735440"
"Adult-Use Cannabis Only","CONNECTIBUDS EJV 1 LLC","HI PEOPLE CANNABIS MARKET","ACRE.0015685","306 Market Street","Hartford","06120","","-72.670700","41.771890"
"Adult-Use Cannabis Only","CONNECTIBUDS EJV 2 LLC","HI PEOPLE CANNABIS MARKET","ACRE.0015686","90 Pershing Drive","Derby","06418","","-73.084600","41.327800"
"Adult-Use Cannabis Only","GREEN ACRES CT ONE, LLC","420 WAREHOUSE CANNABIS STORE, LLC","ACRE.0015689","1 Hartford Square","New Britain","06052","","-72.810870","41.664640"
"Adult-Use Cannabis Only","C3 EJV II LLC","C3 EJV II LLC","ACRE.0015694","130 Honeyspot Road","Stratford","06615","","-73.143760","41.183230"
"Adult-Use Cannabis Only","ACREAGE CONNECTICUT RETAIL JV LLC","LIT NEW HAVEN","ACRE.0015697","169 East St","New Haven","06511","","-72.910320","41.302930"
"Adult-Use Cannabis Only","Rodeo Rocky Hill LLC","Rodeo Rocky Hill LLC","ACRE.0015704","1625 Silas Deane Hwy","Rocky Hill","06760","","-72.652140","41.678420"
"Hybrid Retailer","CHILLAX LLC","THE LIV","AMHF.0002942","2661 Berlin Turnpike","Newington","06111","","-72.714050","41.678010"
"Hybrid Retailer","DIVINE 1 LLC","CLONE CANABISS","AMHF.0003139","834 Broad Street","Meriden","06450","","-72.786400","41.541630"
"Hybrid Retailer","DIVINE 1 LLC","CLONE CANABISS","AMHF.0003319","425 W Main Street","Norwich","06360","","-72.093780","41.519870"
"Hybrid Retailer","TY'S DISPENSARY LLC","CRISP CANNABIS","AMHF.0004449","1234 Huntington Tpke","Bridgeport","06610","","-73.166790","41.224640"
"Hybrid Retailer","EJ VENTURES 2 LLC","AFFINITY DISPENSARY","AMHF.0008235","2000 COMMERCE DR","BRIDGEPORT","06605","","-73.219620","41.167960"
"Hybrid Retailer","FFD WEST LLC","FINE FETTLE DISPENSARY - STAMFORD","AMHF.0008247","12 RESEARCH DR","STAMFORD","06906-1419","https://www.finefettle.com/","-73.520190","41.077770"
"Hybrid Retailer","FFD CENTRAL LLC","FINE FETTLE DISPENSARY","AMHF.0008248","1548 W MAIN ST","WILLIMANTIC","06226-1142","https://www.finefettle.com/","-72.236050","41.719040"
"Hybrid Retailer","FFD NEWINGTON LLC","FINE FETTLE DISPENSARY - NEWINGTON","AMHF.0008249","2280 BERLIN TPKE","NEWINGTON","06111-3202","https://www.finefettle.com/","-72.705310","41.690380"
"Hybrid Retailer","BLUEPOINT APOTHECARY, LLC","RISE","AMHF.0008250","471 E MAIN ST","BRANFORD","06405-2961","https://www.bluepointwellnessct.com/","-72.772730","41.297940"
"Hybrid Retailer","CT BGP, LLC","BUDR CANNABIS","AMHF.0008251","887 NORWICH NEW LONDON TPKE","UNCASVILLE","06382-1917","https://www.shopbotanist.com/locations/montville/","-72.105960","41.449890"
"Hybrid Retailer","AFFINITY HEALTH & WELLNESS INC","AFFINITY DISPENSARY","AMHF.0008252","1351 WHALLEY AVE","NEW HAVEN","06515-1149","https://affinityct.com/","-72.974280","41.332510"
"Hybrid Retailer","WILLOW BROOK WELLNESS LLC","ZEN LEAF MERIDEN","AMHF.0008254","1371 E MAIN ST","MERIDEN","06450-4869","https://zenleafdispensaries.com","-72.756970","41.525520"
"Hybrid Retailer","CURALEAF STAMFORD INC","CURALEAF STAMFORD INC","AMHF.0008256","814 E MAIN ST","STAMFORD","06902-3832","https://ct.curaleaf.com/shop/curaleaf-ct-stamford","-73.527870","41.055680"
"Hybrid Retailer","CONNECTICUT PHARMACEUTICAL SOLUTIONS LLC","ZEN LEAF","AMHF.0008257","606 West Main Street","Norwich","06360","","-72.100710","41.516090"
"Hybrid Retailer","CONNECTICUT PHARMACEUTICAL SOLUTIONS LLC","ZEN LEAF","AMHF.0008258","2903 BERLIN TPKE","NEWINGTON","06111-4115","","-72.717360","41.670790"
"Hybrid Retailer","WILLOW BROOK WELLNESS LLC","ZEN LEAF MERIDEN","AMHF.0008259","55 Nott Highway","Ashford","06278","https://zenleafdispensaries.com","-72.182380","41.859280"
"Hybrid Retailer","WILLOW BROOK WELLNESS LLC","ZEN LEAF MERIDEN","AMHF.0008260","98 ELM ST","ENFIELD","06082-3732","https://zenleafdispensaries.com","-72.582600","41.997270"
"Hybrid Retailer","CARING NATURE LLC","ZEN LEAF","AMHF.0008262","585 South Main Street","Naugatuck","06770","https://zenleafdispensaries.com/locations/waterbury/","-73.048090","41.478450"
"Hybrid Retailer","TRULIEVE BRISTOL INC","TRULIEVE CANNABIS DISPENSARY","AMHF.0008263","820 FARMINGTON AVE","BRISTOL","06010-3921","https://www.trulieve.com/dispensaries/bristol-ct","-72.916030","41.692630"
"Hybrid Retailer","C-3 VENTURES LLC","STILL RIVER WELLNESS","AMHF.0008264","3568 WINSTED RD","TORRINGTON","06790-2213","https://stillriverwellness.com/pre-order/","-73.076100","41.880850"
"Hybrid Retailer","CURALEAF HARTFORD INC","CURALEAF HARTFORD INC","AMHF.0008265","92 WESTON ST","HARTFORD","06120-1510","https://ct.curaleaf.com/shop/curaleaf-ct-hartford","-72.662650","41.786810"
"Hybrid Retailer","CT BGP, LLC","BUDR CANNABIS","AMHF.0008268","105 MILL PLAIN RD","DANBURY","06811-5198","https://www.shopbotanist.com/locations/danbury/hours-and-info/","-73.519420","41.392980"
"Hybrid Retailer","SWEETSPOT WEST HARTFORD LLC","SWEETSPOT WEST HARTFORD LLC","AMHF.0008269","2 Park Road","West Hartford","06119","","-72.714980","41.756480"
"Hybrid Retailer","CURALEAF GROTON LLC","CURALEAF GROTON LLC","AMHF.0008270","79 GOLD STAR HWY","GROTON","06340-3429","https://ct.curaleaf.com/shop/curaleaf-ct-groton","-72.066320","41.366640"
"Hybrid Retailer","CURALEAF MILFORD INC","CURALEAF MILFORD INC","AMHF.0008272","240 BUCKLAND ST","MANCHESTER","06042-1604","https://ct.curaleaf.com/shop/curaleaf-ct-milford","-72.554260","41.803830"
"Hybrid Retailer","FFD PINK EJV, LLC","FFD PINK EJV, LLC","AMHF.0008273","1212 Farmington Ave","Bristol","06010","","-72.903870","41.697420"
"Hybrid Retailer","CONNECTICUT RETAIL SOLUTIONS II, LLC","AYR CANNABIS","AMHF.0008275","185 Spencer Street","Manchester","06040","","-72.568750","41.767310"
"Hybrid Retailer","SOUTHERN CT WELLNESS AND HEALING LLC","SOUTHERN CT WELLNESS AND HEALING LLC","AMHF.0008277","175 BOSTON POST RD","ORANGE","06477-3205","https://www.soctwellness.com/","-72.994930","41.272710"
"Hybrid Retailer","Budr Holding 6 LLC","Budr Holding 6 LLC","AMHF.0008281","7365 MAIN STREET","STRATFORD","06614","","-73.101070","41.254090"
"Hybrid Retailer","Nautilus Botanicals EJV1 LLC","Nautilus Botanicals EJV1 LLC","AMHF.0008282","63 Amity Rd","New Haven","06515","","-72.977860","41.336570"
"Hybrid Retailer","CT BGP, LLC","BUDR CANNABIS","AMHF.0008283","234 TALCOTTVILLE RD","VERNON ROCKVILLE","06066-4617","https://www.primewellnessofct.com/","-72.491350","41.835800"
"Hybrid Retailer","STAMFORD DISPENSARY LLC","SWEETSPOT DISPENSARY","AMHF.0008284","111 High Ridge Road","Stamford","06905","","-73.549130","41.076000"
"Hybrid Retailer","CT NIGHTJAR 1","CT NIGHTJAR 1","AMHF.0008285","15 Colton Road","East Lyme","06333","https://nightjarcannabis.com/","-72.253150","41.322010"
"Hybrid Retailer","NOVA RETAIL CT LLC","NOVA FARMS CANNABIS DISPENSARY","AMHF.0008286","623 HARTFORD RD","NEW BRITAIN","06053-1526","","-72.762820","41.714730"
"Hybrid Retailer","CARING NATURE LLC","ZEN LEAF","AMHF.0008287","237 E AURORA ST","WATERBURY","06708-2044","https://zenleafdispensaries.com/locations/waterbury/","-73.057540","41.570330"
"Hybrid Retailer","CT Nightjar 2, LLC","CT Nightjar 2, LLC","AMHF.0008288","1409 Dixwell Ave","Hamden","06514","","-72.931220","41.351440"
"Hybrid Retailer","FFDW EJV LLC","FFDW EJV LLC","AMHF.0008289","91 HALE RD","MANCHESTER","06042-1769","","-72.529140","41.811820"
"Hybrid Retailer","FFDC EJV II LLC","FINE FETTLE - WEST HARTFORD","AMHF.0008290","1232 Farmington Ave","West Hartford","06107","","-72.766090","41.755380"
"Hybrid Retailer","FFDN EJV, LLC","FFDN EJV, LLC","AMHF.0008291","233 Boston Post Road","Old Saybrook","06475","","-72.367800","41.309070"
"Hybrid Retailer","FFDC EJV, LLC","FFDC EJV, LLC","AMHF.0008292","191 Main Street","Norwalk","06851","","-73.421960","41.126450"
"Hybrid Retailer","FFD BLUE EJV, LLC","FFD BLUE EJV, LLC","AMHF.0008293","85 TURNPIKE DRIVE","WATERBURY","06708","","-73.091490","41.566410"
"Hybrid Retailer","Budr Holding 3 LLC","Budr Holding 3 LLC","AMHF.0008294","9 Fieldstone Commons","Tolland","06084","","-72.358400","41.860740"
"Hybrid Retailer","BUDR HOLDING 2 LLC","BUDR CANNABIS","AMHF.0008295","1037 BOULEVARD","WEST HARTFORD","06119","","-72.715820","41.760050"
"Medical Marijuana Only","BLUEPOINT WELLNESS OF WESTPORT LLC","BLUEPOINT WELLNESS OF WESTPORT LLC","MMDF.0000029","1460 POST RD E","WESTPORT","06880-5500","https://www.bluepointwellnessct.com/order/westport/","-73.313380","41.138520"
