"week_ending","adult_use","medical","total","adult_use_products_sold","medical_products_sold","total_products_sold","adult_use_avg_price","medical_avg_price"
"2023-01-14T00:00:00.000",1485019.32,1776700.69,3261720.01,33610.00,49312.00,82922.00,44.25,36.23
"2023-01-21T00:00:00.000",1487815.81,2702525.61,4190341.42,33005.00,77461.00,110466.00,45.08,34.89
"2023-01-28T00:00:00.000",1553216.30,2726237.56,4279453.86,34854.00,76450.00,111304.00,44.56,35.65
"2023-01-31T00:00:00.000",578840.62,863287.86,1442128.48,12990.00,24023.00,37013.00,44.56,35.93
"2023-02-04T00:00:00.000",1047436.20,1971731.40,3019167.60,24134.00,56666.00,80800.00,43.49,34.84
"2023-02-11T00:00:00.000",1671205.80,2815023.87,4486229.67,38764.00,77454.00,116218.00,43.33,36.30
"2023-02-18T00:00:00.000",1742486.74,3008219.03,4750705.77,42178.00,83065.00,125243.00,41.56,36.33
"2023-02-25T00:00:00.000",1862822.43,2793882.27,4656704.70,45919.00,75990.00,121909.00,40.76,36.74
"2023-02-28T00:00:00.000",700300.78,853033.11,1553333.89,17570.00,23469.00,41039.00,39.96,36.35
"2023-03-04T00:00:00.000",1355673.59,2145964.90,3501638.49,33548.00,56607.00,90155.00,40.42,37.98
"2023-03-11T00:00:00.000",2100022.43,2664338.40,4764360.83,51174.00,71988.00,123162.00,41.08,36.92
"2023-03-18T00:00:00.000",2124468.68,2674501.67,4798970.35,52042.00,72728.00,124770.00,40.81,36.68
"2023-03-25T00:00:00.000",2151040.59,2798631.38,4949671.97,53130.00,75500.00,128630.00,40.50,37.06
"2023-03-31T00:00:00.000",1831943.14,2292570.07,4124513.21,45080.00,62239.00,107319.00,40.65,36.66
"2023-04-01T00:00:00.000",418812.68,411394.13,830206.81,10364.00,11121.00,21485.00,40.41,36.99
"2023-04-08T00:00:00.000",2403561.83,2666563.86,5070125.69,59704.00,74195.00,133899.00,40.26,35.94
"2023-04-15T00:00:00.000",2087159.31,2517920.96,4605080.27,52875.00,70671.00,123546.00,39.47,35.63
"2023-04-22T00:00:00.000",2496234.15,3085786.74,5582020.89,66199.00,86307.00,152506.00,37.71,35.75
"2023-04-29T00:00:00.000",2507966.33,2561633.80,5069600.13,63190.00,67718.00,130908.00,39.69,37.83
"2023-04-30T00:00:00.000",286293.00,183661.24,469954.24,7167.00,4973.00,12140.00,39.95,36.93
"2023-05-06T00:00:00.000",2282560.02,2414465.01,4697025.03,57754.00,67006.00,124760.00,39.52,36.03
"2023-05-13T00:00:00.000",2564913.32,2458332.18,5023245.50,64687.00,67872.00,132559.00,39.65,36.22
"2023-05-20T00:00:00.000",2617368.35,2465160.61,5082528.96,65731.00,68606.00,134337.00,39.82,35.93
"2023-05-27T00:00:00.000",2800947.71,2841464.80,5642412.51,70934.00,79680.00,150614.00,39.49,35.66
"2023-05-31T00:00:00.000",1280002.90,1049495.20,2329498.10,32948.00,29594.00,62542.00,38.85,35.46
"2023-06-03T00:00:00.000",1390943.35,1376935.93,2767879.28,35095.00,37613.00,72708.00,39.62,36.60
"2023-06-10T00:00:00.000",2828270.87,2468881.28,5297152.15,70454.00,65602.00,136056.00,40.15,37.55
"2023-06-17T00:00:00.000",2875410.83,2585081.31,5460492.14,71879.00,68506.00,140385.00,40.11,37.83
"2023-06-24T00:00:00.000",2903411.26,2524419.26,5427830.52,72603.00,66998.00,139601.00,39.94,37.73
"2023-06-30T00:00:00.000",2544960.59,2408269.64,4953230.23,63479.00,64574.00,128053.00,40.19,37.42
"2023-07-01T00:00:00.000",473217.98,460581.25,933799.23,11876.00,11012.00,22888.00,39.85,41.83
"2023-07-08T00:00:00.000",2890082.75,2312022.99,5202105.74,71956.00,60136.00,132092.00,40.11,38.46
"2023-07-15T00:00:00.000",2981657.61,2464306.71,5445964.32,73530.00,62523.00,136053.00,40.55,39.41
"2023-07-22T00:00:00.000",2981433.64,2437203.52,5418637.16,73419.00,62138.00,135557.00,40.62,39.54
"2023-07-29T00:00:00.000",2966760.63,2389904.19,5356664.82,74494.00,60394.00,134888.00,39.97,39.81
"2023-07-31T00:00:00.000",725428.91,545129.04,1270557.95,18902.00,14037.00,32939.00,38.42,38.88
"2023-08-05T00:00:00.000",2354292.08,1920738.17,4275030.25,60171.00,48816.00,108987.00,39.11,39.37
"2023-08-12T00:00:00.000",3150213.59,2524250.92,5674464.51,79640.00,64454.00,144094.00,39.58,39.29
"2023-08-19T00:00:00.000",3154663.06,2365347.61,5520010.67,80036.00,60189.00,140225.00,39.45,39.40
"2023-08-26T00:00:00.000",3212642.77,2440709.72,5653352.49,81333.00,61919.00,143252.00,39.53,39.42
"2023-08-31T00:00:00.000",2128558.59,1687225.97,3815784.56,53520.00,43017.00,96537.00,39.76,39.30
"2023-09-02T00:00:00.000",1253447.63,1104080.66,2357528.29,32383.00,27354.00,59917.00,38.74,40.24
"2023-09-09T00:00:00.000",3134372.02,2250751.05,5385123.07,81345.00,59987.00,141332.00,38.60,37.37
"2023-09-16T00:00:00.000",3293747.30,2428145.42,5721892.72,86627.00,63169.00,149796.00,38.13,38.34
"2023-09-23T00:00:00.000",3294533.61,2403860.11,5698393.72,86311.00,65120.00,151431.00,38.22,37.09
"2023-09-30T00:00:00.000",3412650.76,2628149.81,6040800.57,89369.00,68486.00,157855.00,38.14,38.02
"2023-10-07T00:00:00.000",3290023.19,2275197.04,5565220.23,87830.00,62114.00,149944.00,37.51,36.82
"2023-10-14T00:00:00.000",3420806.53,2423405.19,5844211.72,92222.00,66829.00,159051.00,37.16,36.35
"2023-10-21T00:00:00.000",3411081.96,2219977.10,5631059.06,92015.00,60874.00,152889.00,37.11,36.40
"2023-10-28T00:00:00.000",3328567.13,2265270.29,5593837.42,88093.00,61753.00,149846.00,37.37,36.71
"2023-10-31T00:00:00.000",1293239.48,938302.59,2231542.07,33482.00,25982.00,59464.00,38.61,36.10
"2023-11-04T00:00:00.000",2277597.14,1538581.46,3816178.60,59106.00,41914.00,101020.00,38.53,36.71
"2023-11-11T00:00:00.000",3524502.55,2305732.80,5830235.35,92207.00,64603.00,156810.00,38.22,35.69
"2023-11-18T00:00:00.000",3536338.62,2373643.44,5909982.06,90943.00,65723.00,156666.00,38.89,36.12
"2023-11-25T00:00:00.000",3805607.99,2640521.08,6446129.07,100639.00,73357.00,173996.00,37.81,36.00
"2023-11-30T00:00:00.000",2228496.20,1458784.44,3687280.64,57484.00,36094.00,93578.00,38.77,40.42
"2023-12-02T00:00:00.000",1286682.94,824166.11,2110849.05,33097.00,23321.00,56418.00,38.87,35.38
"2023-12-09T00:00:00.000",3627347.27,2251293.84,5878641.11,94216.00,64373.00,158859.00,38.56,35.09
"2023-12-16T00:00:00.000",3620281.09,2248358.18,5868639.27,96762.00,64512.00,161274.00,37.42,34.87
"2023-12-23T00:00:00.000",4495101.72,2795871.78,7290973.50,120223.00,79389.00,199162.00,37.45,35.12
"2023-12-30T00:00:00.000",3695608.84,2043487.28,5739096.12,97300.00,53288.00,155919.00,37.87,34.75
"2023-12-31T00:00:00.000",450004.14,215083.51,665087.65,12346.00,6250.00,18596.00,36.45,34.41
"2024-01-06T00:00:00.000",3205959.19,1926337.54,5132296.73,83637.00,53826.00,137463.00,38.00,35.32
"2024-01-13T00:00:00.000",3446057.56,2103106.70,5549164.26,89099.00,58772.00,147871.00,38.50,35.73
"2024-01-20T00:00:00.000",3664976.83,2114370.83,5779347.66,91068.00,57398.00,148466.00,40.26,36.83
"2024-01-27T00:00:00.000",3547403.27,2110002.80,5657406.07,90414.00,57047.00,147461.00,39.27,36.94
"2024-01-31T00:00:00.000",1752481.44,1119511.40,2871992.84,45201.00,26890.00,75684.00,38.91,37.15
"2024-02-03T00:00:00.000",1836876.94,1086289.39,2923166.33,45821.00,28137.00,73958.00,40.09,38.64
"2024-02-10T00:00:00.000",3586336.81,2129678.51,5716015.32,88998.00,56714.00,145712.00,41.24,37.84
"2024-02-17T00:00:00.000",3627334.62,2009764.56,5637099.18,91355.00,55498.00,146853.00,39.53,36.62
"2024-02-24T00:00:00.000",3669168.98,2033277.74,5702446.72,90264.00,57037.00,147301.00,40.63,35.83
"2024-02-29T00:00:00.000",2329512.30,1368759.76,3698272.96,57623.00,34916.00,96853.00,40.46,35.15
"2024-03-02T00:00:00.000",1287859.27,682858.79,1970718.06,32192.00,18392.00,50584.00,39.99,37.13
"2024-03-09T00:00:00.000",3612919.54,1961791.30,5574710.84,88303.00,54350.00,142653.00,40.81,36.26
"2024-03-16T00:00:00.000",3546220.92,1920535.39,5466756.31,85823.00,53257.00,139080.00,41.42,36.20
"2024-03-23T00:00:00.000",3631815.83,1942175.01,5573990.84,89045.00,55165.00,144210.00,40.82,35.33
"2024-03-30T00:00:00.000",3800066.22,2054265.02,5854331.24,94862.00,58775.00,153637.00,40.07,35.09
"2024-03-31T00:00:00.000",163995.01,62837.67,226832.68,4188.00,1916.00,6104.00,39.16,32.80
"2024-04-06T00:00:00.000",3422556.16,1913167.54,5335723.70,84267.00,53584.00,137851.00,40.63,35.81
"2024-04-13T00:00:00.000",3520051.33,1887788.18,5407839.51,90734.00,54034.00,144768.00,39.04,35.02
"2024-04-20T00:00:00.000",3951777.44,2125125.29,6076902.73,108100.00,62499.00,170599.00,36.93,34.20
"2024-04-27T00:00:00.000",3434168.67,1683214.96,5117383.63,91124.00,48817.00,139941.00,37.65,34.43
"2024-04-30T00:00:00.000",1291739.27,733131.16,2024870.43,32945.00,21082.00,54027.00,39.14,34.99
"2024-05-04T00:00:00.000",2327225.46,1135825.31,3463050.77,58595.00,31249.00,89844.00,39.74,36.36
"2024-05-11T00:00:00.000",3660398.46,1857724.71,5518123.17,92870.00,52621.00,145491.00,39.50,35.47
"2024-05-18T00:00:00.000",3673448.12,1802897.66,5476345.78,93239.00,50854.00,144093.00,39.37,35.42
"2024-05-25T00:00:00.000",3784114.39,1962933.48,5747047.87,96509.00,56792.00,153301.00,39.29,34.72
"2024-05-31T00:00:00.000",3071008.25,1438312.36,4509320.61,80549.00,42190.00,122739.00,38.12,34.02
"2024-06-01T00:00:00.000",585974.54,255534.28,841508.82,15288.00,7223.00,22511.00,38.33,35.38
"2024-06-08T00:00:00.000",3757426.07,1791194.21,5548620.28,96544.00,51021.00,147565.00,38.89,35.13
"2024-06-15T00:00:00.000",3800144.33,1792704.56,5592848.89,96405.00,51203.00,147608.00,39.36,35.16
"2024-06-22T00:00:00.000",3888303.98,1839670.93,5727974.91,99529.00,51825.00,151354.00,39.11,35.59
"2024-06-29T00:00:00.000",3817472.57,1836755.85,5654228.42,100016.00,53216.00,153232.00,38.24,34.75
"2024-06-30T00:00:00.000",418261.97,140971.55,559233.52,11117.00,4124.00,15241.00,37.62,34.18
"2024-07-06T00:00:00.000",3584963.44,1728181.99,5313145.43,95034.00,50298.00,145332.00,37.70,34.42
"2024-07-13T00:00:00.000",3787454.93,1692313.77,5479768.70,99646.00,48805.00,148451.00,38.03,34.76
"2024-07-20T00:00:00.000",3781081.75,1659765.36,5440847.11,98360.00,48178.00,146538.00,38.39,34.60
"2024-07-27T00:00:00.000",3824983.29,1691752.82,5516736.11,99826.00,48879.00,148705.00,38.35,34.69
"2024-07-31T00:00:00.000",1972580.09,930142.15,2902722.24,50936.00,26628.00,77564.00,38.72,35.16
"2024-08-03T00:00:00.000",2005883.61,852646.14,2858529.75,52356.00,23906.00,76262.00,38.29,35.61
"2024-08-10T00:00:00.000",3958542.52,1691189.69,5649732.21,103220.00,48653.00,151873.00,38.41,34.90
"2024-08-17T00:00:00.000",3979835.58,1662719.37,5642554.95,102930.00,47557.00,150487.00,38.65,35.00
"2024-08-24T00:00:00.000",3949928.36,1649252.37,5599180.73,102013.00,47690.00,149703.00,38.74,34.69
"2024-08-31T00:00:00.000",4095195.39,1818866.96,5914062.35,106257.00,52802.00,159059.00,38.74,34.56
"2024-09-07T00:00:00.000",3873975.26,1537711.95,5411687.21,99031.00,44067.00,143098.00,39.08,34.97
"2024-09-14T00:00:00.000",3949188.87,1697381.46,5646570.33,100657.00,49611.00,150268.00,39.34,34.41
"2024-09-21T00:00:00.000",3948804.85,1604463.80,5553268.65,103934.00,47189.00,151123.00,38.14,34.00
"2024-09-28T00:00:00.000",3909930.54,1572977.07,5482907.61,101324.00,45640.00,146964.00,38.64,34.51
"2024-09-30T00:00:00.000",930417.30,421071.10,1351488.40,23693.00,12376.00,36069.00,39.27,34.31
"2024-10-05T00:00:00.000",2972199.82,1131535.63,4103735.45,75662.00,32227.00,107889.00,39.30,35.11
"2024-10-12T00:00:00.000",3968497.02,1567122.80,5535619.82,102519.00,44879.00,147398.00,38.82,35.02
"2024-10-19T00:00:00.000",3893871.46,1509451.73,5403323.19,101863.00,44152.00,146015.00,38.33,34.28
"2024-10-26T00:00:00.000",3873443.20,1523158.81,5396602.01,101808.00,44664.00,146472.00,38.12,34.17
"2024-10-31T00:00:00.000",2561209.77,1054657.50,3615867.27,15884.00,7010.00,22894.00,38.08,34.12
"2024-11-02T00:00:00.000",1384107.18,517741.63,1901848.81,35336.00,14563.00,49889.00,39.16,35.35
"2024-11-09T00:00:00.000",4040417.73,1527343.83,5567761.56,103042.00,43471.00,146513.00,39.27,35.18
"2024-11-16T00:00:00.000",3975250.18,1536347.26,5511597.44,103119.00,44029.00,147148.00,38.69,34.95
"2024-11-23T00:00:00.000",3962393.54,1550390.97,5512784.51,103841.00,44903.00,148744.00,38.24,34.48
"2024-11-30T00:00:00.000",4270473.55,1646960.11,5917433.66,119647.00,50394.00,170041.00,35.66,33.21
"2024-12-07T00:00:00.000",3815937.96,1472708.76,5288646.72,101509.00,43067.00,144576.00,37.61,34.24
"2024-12-14T00:00:00.000",3962035.13,1514837.95,5476873.08,106590.00,45104.00,151694.00,37.31,33.62
"2024-12-21T00:00:00.000",4351573.03,1694303.75,6045876.78,120055.00,51266.00,171321.00,36.38,33.07
"2024-12-28T00:00:00.000",4339416.93,1505945.51,5845362.44,120018.00,44833.00,164851.00,35.57,33.76
"2024-12-31T00:00:00.000",1948354.91,829632.57,2777987.48,55268.00,24951.00,80219.00,35.55,33.99
"2025-01-04T00:00:00.000",2190938.06,717338.56,2908276.62,58974.00,21332.00,80306.00,36.85,33.53
"2025-01-11T00:00:00.000",3869339.08,1463940.50,5333279.58,104355.00,43082.00,147437.00,37.13,33.99
"2025-01-18T00:00:00.000",3965317.95,1479968.16,5445286.11,106178.00,44612.00,150790.00,37.39,33.19
"2025-01-25T00:00:00.000",3906139.31,1408327.92,5314467.23,104280.00,41562.00,145842.00,37.53,33.84
"2025-01-31T00:00:00.000",3286964.78,1297129.97,4584094.75,88426.00,38813.00,127239.00,37.28,33.57
"2025-02-01T00:00:00.000",664704.32,212069.42,876773.74,18030.00,6390.00,24420.00,36.87,33.19
"2025-02-08T00:00:00.000",4223045.13,1562011.43,5785056.56,112887.00,46850.00,159737.00,37.51,33.30
"2025-02-15T00:00:00.000",3951380.99,1424684.09,5376065.08,107244.00,42954.00,150198.00,36.93,33.22
"2025-02-22T00:00:00.000",4004174.86,1415462.40,5419637.26,108534.00,42754.00,151288.00,36.95,33.14
"2025-02-28T00:00:00.000",3388797.88,1277287.20,4666085.08,93003.00,39101.00,132104.00,36.49,32.70
"2025-03-01T00:00:00.000",666790.78,221787.12,888577.90,18584.00,6745.00,25329.00,35.88,32.88
"2025-03-08T00:00:00.000",4054616.09,1474163.69,5528779.78,112074.00,45528.00,157602.00,36.28,32.42
"2025-03-15T00:00:00.000",3955949.42,1502361.77,5458311.19,110578.00,45593.00,156171.00,35.83,32.98
"2025-03-22T00:00:00.000",3985886.99,1447599.56,5433486.55,112012.00,44477.00,156489.00,35.58,32.54
"2025-03-29T00:00:00.000",4025594.57,1470455.32,5496049.89,114000.00,45227.00,159227.00,35.38,32.53
"2025-03-31T00:00:00.000",1013421.85,429065.92,1442487.77,28641.00,12965.00,41606.00,35.40,32.87
"2025-04-05T00:00:00.000",3123250.36,1075696.95,4198947.31,89314.00,33575.00,122889.00,34.98,32.09
"2025-04-12T00:00:00.000",4093083.25,1486708.61,5579791.86,114725.00,44934.00,159659.00,35.68,33.01
"2025-04-19T00:00:00.000",4324436.81,1668729.98,5993166.79,128475.00,53269.00,181744.00,34.10,31.55
"2025-04-26T00:00:00.000",3896284.43,1301279.42,5197563.85,113973.00,39939.00,153912.00,34.16,32.39
"2025-04-30T00:00:00.000",2058994.08,769681.17,2828675.25,58301.00,23111.00,81412.00,35.32,33.15
"2025-05-03T00:00:00.000",2042013.74,719898.87,2761912.61,58881.00,21696.00,80577.00,34.69,33.21
"2025-05-10T00:00:00.000",4130680.01,1462336.08,5593016.09,117273.00,43275.00,160548.00,35.26,33.64
"2025-05-17T00:00:00.000",4085860.65,1425158.30,5511018.95,116195.00,42220.00,158415.00,35.16,33.65
"2025-05-24T00:00:00.000",4345810.26,1511448.41,5857258.67,122868.00,44367.00,167235.00,35.42,34.11
"2025-05-31T00:00:00.000",4141001.23,1438837.92,5579839.15,117642.00,41995.00,159637.00,34.90,34.03
"2025-06-07T00:00:00.000",4113936.93,1457133.07,5571070.00,116897.00,42756.00,159653.00,35.21,34.10
"2025-06-14T00:00:00.000",4191346.45,1414691.52,5606037.97,119742.00,42556.00,162298.00,35.06,33.25
"2025-06-21T00:00:00.000",4208897.94,1420603.18,5629501.12,122830.00,42472.00,165302.00,34.28,33.48
"2025-06-28T00:00:00.000",4153807.88,1382174.00,5535981.88,122365.00,42110.00,164475.00,34.00,32.93
"2025-06-30T00:00:00.000",1017311.72,459083.59,1476395.31,30634.00,14057.00,44691.00,33.11,32.43
"2025-07-05T00:00:00.000",3278170.67,1015742.56,4293913.23,101207.00,31703.00,132910.00,32.25,31.85
"2025-07-12T00:00:00.000",4063934.50,1372177.27,5436111.77,125007.00,42356.00,167363.00,32.52,32.31
"2025-07-19T00:00:00.000",4090199.08,1359436.26,5449635.34,127105.00,43068.00,170173.00,32.21,31.50
"2025-07-26T00:00:00.000",4084486.08,1338259.51,5422745.59,127079.00,41438.00,168517.00,32.14,32.19
"2025-07-31T00:00:00.000",2735793.06,950839.69,3686632.75,84319.00,29426.00,113745.00,32.41,32.23
"2025-08-02T00:00:00.000",1479663.24,441437.10,1921100.34,45964.00,13697.00,59661.00,32.17,32.18
"2025-08-09T00:00:00.000",4169604.83,1352440.12,5522044.95,127822.00,41694.00,169516.00,32.61,32.41
"2025-08-16T00:00:00.000",4184132.95,1332564.97,5516697.92,129371.00,41870.00,171241.00,32.42,31.73
"2025-08-23T00:00:00.000",4163555.04,1269660.34,5433215.38,130641.00,40328.00,170969.00,31.90,31.41
"2025-08-30T00:00:00.000",4319563.68,1363002.73,5682566.41,134368.00,41966.00,176334.00,32.13,32.59
"2025-08-31T00:00:00.000",483771.33,132157.33,615928.66,15407.00,4147.00,19554.00,31.40,31.87
"2025-09-06T00:00:00.000",3724617.65,1167055.78,4891673.43,93508.00,30401.00,123909.00,32.51,32.25
"2025-09-13T00:00:00.000",4187995.66,1270693.61,5458689.27,130545.00,39815.00,170360.00,32.16,31.91
"2025-09-20T00:00:00.000",4215063.56,1350564.59,5565628.15,132237.00,43085.00,175322.00,31.87,31.44
"2025-09-27T00:00:00.000",4216239.21,1289514.93,5505754.14,132926.00,40338.00,173264.00,31.80,32.02
"2025-09-30T00:00:00.000",1532295.77,564823.58,2097119.35,48339.00,17213.00,65552.00,31.68,32.74
"2025-10-04T00:00:00.000",2705962.93,749546.40,3455509.33,84824.00,22586.00,107410.00,31.90,33.19
"2025-10-11T00:00:00.000",4244104.76,1282577.36,5526682.12,132938.00,39510.00,172448.00,31.96,32.49
"2025-10-18T00:00:00.000",4247204.04,1231656.25,5478860.29,133091.00,37532.00,170623.00,31.91,32.84
"2025-10-25T00:00:00.000",4167468.53,1255334.83,5422803.36,130330.00,38905.00,169235.00,32.02,32.31
"2025-10-31T00:00:00.000",3623106.03,1162562.40,4785668.43,116037.00,36243.00,152280.00,31.42,32.09
"2025-11-01T00:00:00.000",663426.77,180373.57,843800.34,20991.00,5621.00,26612.00,31.61,32.09
"2025-11-08T00:00:00.000",4233653.17,1287733.49,5521386.66,132375.00,38712.00,171087.00,31.99,33.19
"2025-11-15T00:00:00.000",4282788.78,1249878.51,5532667.29,135477.00,38300.00,173777.00,31.61,32.52
"2025-11-22T00:00:00.000",4229354.45,1260335.76,5489690.21,135121.00,38970.00,174091.00,31.32,32.47
"2025-11-29T00:00:00.000",4570509.05,1422451.94,5992960.99,153863.00,45583.00,199446.00,29.68,31.11
"2025-11-30T00:00:00.000",445917.53,95792.39,541709.92,14494.00,3062.00,17556.00,30.77,31.28
"2025-12-06T00:00:00.000",3754233.25,1158959.65,4913192.90,118910.00,35721.00,154631.00,31.69,32.30
"2025-12-13T00:00:00.000",4243886.03,1289391.99,5533278.02,137214.00,40254.00,177468.00,30.97,31.91
"2025-12-20T00:00:00.000",4461728.58,1331289.82,5793018.40,143785.00,41261.00,185046.00,31.08,32.23
"2025-12-27T00:00:00.000",4799813.57,1307813.49,6107627.06,157486.00,41376.00,198862.00,29.94,33.36
"2025-12-31T00:00:00.000",2845018.73,869395.35,3714414.08,93108.00,27242.00,120350.00,30.77,32.07
"2026-01-03T00:00:00.000",1751002.84,433601.94,2184604.78,55822.00,13263.00,69085.00,31.29,32.42
"2026-01-10T00:00:00.000",4160087.82,1230466.12,5390553.94,131069.00,37324.00,168393.00,31.79,33.00
"2026-01-17T00:00:00.000",4216895.39,1256286.10,5473181.49,134524.00,38898.00,173422.00,31.40,32.37
"2026-01-24T00:00:00.000",5197066.75,1514984.17,6712050.92,165746.00,46863.00,212609.00,31.29,32.30
"2026-01-31T00:00:00.000",3681699.92,1046989.94,4728689.86,117508.00,32524.00,150032.00,31.27,32.48
"2026-02-07T00:00:00.000",4201513.60,1307944.95,5509458.55,134909.00,39831.00,174740.00,31.21,32.87
"2026-02-14T00:00:00.000",4358262.35,1288197.92,5646460.27,143991.00,40743.00,184734.00,30.34,31.72
"2026-02-21T00:00:00.000",4412778.17,1328438.03,5741216.20,146449.00,41603.00,188052.00,30.13,31.91
"2026-02-28T00:00:00.000",4281139.25,1223277.58,5504416.83,140388.00,37610.00,177998.00,29.98,31.46
"2026-03-07T00:00:00.000",4294034.76,1309194.69,5603229.45,141400.00,40370.00,181770.00,30.38,32.47
"2026-03-14T00:00:00.000",4203095.83,1269179.90,5472275.73,139564.00,39227.00,178791.00,30.14,32.20
"2026-03-21T00:00:00.000",4214914.17,1247833.86,5462748.03,142641.00,39394.00,182035.00,29.54,31.67
"2026-03-28T00:00:00.000",4215275.93,1252922.23,5468198.16,142669.00,39041.00,181710.00,29.61,32.14
"2026-03-31T00:00:00.000",1552007.83,565010.53,2117018.36,52280.00,17256.00,69536.00,29.71,32.98
"2026-04-04T00:00:00.000",2871058.80,792469.72,3663528.52,97089.00,24497.00,121586.00,29.57,32.37
"2026-04-11T00:00:00.000",4246680.53,1269635.69,5516316.22,145571.00,39984.00,185555.00,29.19,31.99
"2026-04-18T00:00:00.000",4259801.98,1281480.86,5541282.84,154242.00,42401.00,196643.00,27.77,30.28
"2026-04-25T00:00:00.000",4540372.27,1331403.16,5871775.43,164697.00,44802.00,209499.00,27.91,30.22
"2026-04-30T00:00:00.000",2812710.32,840433.01,3653143.33,95462.00,26559.00,122021.00,29.41,31.65
"2026-05-02T00:00:00.000",1545178.66,399146.76,1944325.62,51909.00,12095.00,64004.00,29.79,33.00
"2026-05-09T00:00:00.000",4368038.29,1274049.29,5642087.58,147819.00,39334.00,187153.00,29.55,32.40
"2026-05-16T00:00:00.000",4362884.13,1223878.32,5586762.45,149051.00,38462.00,187513.00,29.27,31.95
"2026-05-23T00:00:00.000",4498958.87,1301063.73,5800022.60,156524.00,41487.00,198011.00,28.80,31.55
"2026-05-30T00:00:00.000",4346651.05,1225323.59,5571974.64,150091.00,38761.00,188852.00,28.85,31.64
"2026-05-31T00:00:00.000",445741.74,103375.35,549117.09,15519.00,3274.00,18793.00,28.72,31.57
"2026-06-06T00:00:00.000",3979707.81,1229908.37,5209616.18,138417.00,39962.00,178379.00,28.80,30.97
"2026-06-13T00:00:00.000",4406137.60,1241741.34,5647878.94,153841.00,40120.00,193961.00,28.66,30.91
"2026-06-20T00:00:00.000",4528845.73,1296714.53,5825560.26,158545.00,40669.00,199214.00,31.10,31.88
"2026-06-27T00:00:00.000",4444280.15,1212941.98,5657222.13,157309.00,38369.00,195678.00,28.26,31.62
"2026-06-30T00:00:00.000",1705863.60,609723.35,2315586.95,61512.00,19648.00,81160.00,27.68,30.98
"2026-07-04T00:00:00.000",2857636.92,760085.82,3617722.74,107507.00,24781.00,132288.00,26.24,30.29
"2026-07-11T00:00:00.000",4457328.08,1210957.08,5668285.16,160285.00,39011.00,199296.00,27.81,31.01
"2026-07-18T00:00:00.000",4468598.30,1238851.41,5707449.71,161155.00,40223.00,201378.00,30.15,30.92
"2026-07-25T00:00:00.000",4460615.17,1222452.52,5683067.69,161345.00,39564.00,200909.00,27.63,30.98
"2026-07-31T00:00:00.000",3851761.45,1119712.70,4971474.15,139065.00,35555.00,174620.00,27.72,31.61
"2026-08-01T00:00:00.000",703670.35,171139.42,874809.77,25563.00,5380.00,30943.00,27.53,31.81
"2026-08-08T00:00:00.000",4481189.80,1256698.46,5737888.26,161825.00,39735.00,201560.00,27.69,31.63
"2026-08-15T00:00:00.000",4410475.32,1216680.59,5627155.91,160319.00,39127.00,199446.00,29.75,31.19
"2026-08-22T00:00:00.000",4426013.76,1214506.16,5640519.92,159665.00,38562.00,198227.00,27.71,31.52
"2026-08-29T00:00:00.000",4437783.03,1220953.78,5658736.81,159950.00,38661.00,198611.00,27.75,31.59
"2026-08-31T00:00:00.000",1081628.63,427011.59,1508640.22,38543.00,13463.00,52006.00,28.06,31.39
