"credential_type","status","count"
"ACCE. - CANNABIS CULTIVATOR","ACTIVE","2"
"ACCE. - CANNABIS CULTIVATOR","ACTIVE BY PROVISIONAL","10"
"ACCE. - CANNABIS CULTIVATOR","ACTIVE IN RENEWAL","2"
"ACDS. - CANNABIS DELIVERY SERVICE","ACTIVE","5"
"ACDS. - CANNABIS DELIVERY SERVICE","ACTIVE IN RENEWAL","4"
"ACFB. - CANNABIS FOOD AND BEVERAGE MANUFACTURER","ACTIVE","9"
"ACME. - CANNABIS MICRO-CULTIVATOR","ACTIVE","5"
"ACME. - CANNABIS MICRO-CULTIVATOR","ACTIVE BY PROVISIONAL","2"
"ACME. - CANNABIS MICRO-CULTIVATOR","ACTIVE IN RENEWAL","1"
"ACPM. - CANNABIS PRODUCT MANUFACTURER","ACTIVE","3"
"ACPP. - CANNABIS PRODUCT PACKAGER","ACTIVE","1"
"ACRE. - CANNABIS RETAILER","ACTIVE","22"
"ACRE. - CANNABIS RETAILER","ACTIVE BY PROVISIONAL","5"
"ACRE. - CANNABIS RETAILER","ACTIVE IN RENEWAL","7"
"ACTP. - CANNABIS TRANSPORTER","ACTIVE","2"
"ACTP. - CANNABIS TRANSPORTER","ACTIVE IN RENEWAL","2"
"AMHF. - MEDICAL CANNABIS HYBRID RETAILER","ACTIVE","34"
"AMHF. - MEDICAL CANNABIS HYBRID RETAILER","ACTIVE BY PROVISIONAL","1"
"AMHF. - MEDICAL CANNABIS HYBRID RETAILER","ACTIVE IN RENEWAL","10"
"MMDF. - MEDICAL CANNABIS DISPENSARY FACILITY","ACTIVE IN RENEWAL","1"
"MMPR. - MEDICAL CANNABIS PRODUCER","ACTIVE","4"
